id,Address,Response_Address,Response_X,Response_Y
1,臺中市南屯區惠文路５６８號,,,
2,臺中市南屯區惠文路５６８號,,,
3,臺中市南屯區惠文路５６８號,,,
4,臺中市南屯區惠文路５６８號,,,
5,臺中市南屯區惠文路５６８號,,,
6,臺中市南屯區惠文路５６８號,,,
7,臺中市南屯區惠文路５６８號,,,
8,臺中市南屯區惠文路５６８號,,,
9,臺中市南屯區惠文路５６８號,,,
10,臺中市南屯區惠文路５６８號,,,
11,臺中市南屯區惠文路５６８號,,,
12,臺中市南屯區惠文路５６８號,,,
13,臺中市南屯區惠文路５６８號,,,
14,臺中市南屯區惠文路５６８號,,,
15,臺中市南屯區惠文路５６８號,,,
16,臺中市南屯區惠文路５６８號,,,
17,臺中市南屯區惠文路５６８號,,,
18,臺中市西屯區黎明路三段１５３號,,,
19,臺中市北區進化路５２７號,,,
20,臺中市北區進化路５２７號,,,
21,臺中市西屯區黎明路三段１５３號,,,
22,臺中市梧棲區臨港路四段５９２號,,,
23,臺中市梧棲區臨港路四段５８８號,,,
24,臺中市梧棲區臨港路四段５９０號,,,
25,臺中市梧棲區臨港路四段５９０號,,,
26,臺中市大里區健民路１５號,,,
27,臺中市大里區健民路１５號,,,
28,臺中市大里區健民路１７號,,,
29,臺中市大里區健民路１５號,,,
30,臺中市大里區健民路１５號,,,
31,臺中市大里區健民路１７號,,,
32,臺中市大里區健民路１５號,,,
33,臺中市大里區健民路１５號,,,
34,臺中市大里區健民路１７號,,,
35,臺中市大里區健民路１３號,,,
36,臺中市大里區健民路１５號,,,
37,臺中市大里區健民路１５號,,,
38,臺中市大里區健民路１５號,,,
39,臺中市大里區健民路１７號,,,
40,臺中市大里區健民路１５號,,,
41,臺中市大里區健民路１３號,,,
42,臺中市大里區健民路１５號,,,
43,臺中市大里區健民路１３號,,,
44,臺中市大里區健民路１７號,,,
45,臺中市大里區健民路１３號,,,
46,臺中市大里區健民路１３號,,,
47,臺中市大里區健民路１５號,,,
48,臺中市大里區健民路１５號,,,
49,臺中市大里區健民路１５號,,,
50,臺中市南屯區惠文路５６８號,,,
51,臺中市南屯區惠文路５６８號,,,
52,臺中市南屯區惠文路５６８號,,,
53,臺中市南屯區惠文路５６８號,,,
54,臺中市南屯區惠文路５６８號,,,
55,臺中市南屯區惠文路５６８號,,,
56,臺中市南屯區惠文路５６８號,,,
57,臺中市南屯區惠文路５６８號,,,
58,臺中市南屯區惠文路５６８號,,,
59,臺中市南屯區惠文路５６８號,,,
60,臺中市南屯區惠文路５６８號,,,
61,臺中市南屯區惠文路５６８號,,,
62,臺中市南屯區惠文路５６８號,,,
63,臺中市西屯區黎明路三段１５３號,,,
64,臺中市西屯區青海路二段２７２號,,,
65,臺中市西屯區青海路二段２７２號,,,
66,臺中市西屯區青海路二段２７２號,,,
67,臺中市西屯區市政路１７號,,,
68,臺中市西屯區市政路１７號,,,
69,臺中市西屯區市政路１９號,,,
70,臺中市西屯區市政路１９號,,,
71,臺中市西屯區市政路１９號,,,
72,臺中市西屯區市政路１９號,,,
73,臺中市西屯區市政路１９號,,,
74,臺中市西屯區市政路１９號,,,
75,臺中市梧棲區臨港路四段５８８號,,,
76,臺中市西屯區青海路二段２７２號,,,
77,臺中市梧棲區中華路二段３９５號,,,
78,臺中市梧棲區中華路二段３９５號,,,
79,臺中市梧棲區中華路二段３９５號,,,
80,臺中市梧棲區中華路二段３９５號,,,
81,臺中市梧棲區中華路二段３９１號,,,
82,臺中市梧棲區中華路二段３９３號,,,
83,臺中市梧棲區中華路二段３９１號,,,
84,臺中市梧棲區中華路二段３９５號,,,
85,臺中市南屯區大墩十一街３５７號,,,
86,臺中市南屯區惠文路５６８號,,,
87,臺中市南屯區惠文路５６８號,,,
88,臺中市南屯區惠文路５６８號,,,
89,臺中市西屯區臺灣大道三段６４６號,,,
90,臺中市西屯區臺灣大道三段６４６號,,,
91,臺中市西屯區臺灣大道三段６４６號,,,
92,臺中市西屯區臺灣大道三段６４６號,,,
93,臺中市西屯區臺灣大道三段６４６號,,,
94,臺中市西屯區臺灣大道三段６４６號,,,
95,臺中市西屯區臺灣大道三段６４６號,,,
96,臺中市西屯區臺灣大道三段６４６號,,,
97,臺中市西屯區臺灣大道三段６４６號,,,
98,臺中市西屯區臺灣大道三段６４６號,,,
99,臺中市西屯區臺灣大道三段６４６號,,,
100,臺中市西屯區臺灣大道三段６４６號,,,
101,臺中市西屯區臺灣大道三段６４６號,,,
102,臺中市西屯區臺灣大道三段６４６號,,,
103,臺中市西屯區臺灣大道三段６４６號,,,
104,臺中市西屯區臺灣大道三段６４６號,,,
105,臺中市西屯區臺灣大道三段６４６號,,,
106,臺中市西屯區臺灣大道三段６４６號,,,
107,臺中市西屯區臺灣大道三段６４６號,,,
108,臺中市西屯區臺灣大道三段６４６號,,,
109,臺中市西屯區臺灣大道三段６４６號,,,
110,臺中市西屯區臺灣大道三段６４６號,,,
111,臺中市西屯區臺灣大道三段６４６號,,,
112,臺中市西屯區臺灣大道三段６４６號,,,
113,臺中市西屯區臺灣大道三段６４６號,,,
114,臺中市西屯區臺灣大道三段６４６號,,,
115,臺中市西屯區臺灣大道三段６４６號,,,
116,臺中市西屯區臺灣大道三段６４６號,,,
117,臺中市西屯區臺灣大道三段６４６號,,,
118,臺中市西屯區臺灣大道三段６４６號,,,
119,臺中市西屯區臺灣大道三段６４６號,,,
120,臺中市西屯區臺灣大道三段６４６號,,,
121,臺中市西屯區臺灣大道三段６４６號,,,
122,臺中市西屯區臺灣大道三段６４６號,,,
123,臺中市西屯區臺灣大道三段６４６號,,,
124,臺中市西屯區臺灣大道三段６４６號,,,
125,臺中市西屯區臺灣大道三段６４６號,,,
126,臺中市西屯區臺灣大道三段６４６號,,,
127,臺中市西屯區臺灣大道三段６４６號,,,
128,臺中市西屯區臺灣大道三段６４６號,,,
129,臺中市西屯區臺灣大道三段６４６號,,,
130,臺中市西屯區臺灣大道三段６４６號,,,
131,臺中市西屯區臺灣大道三段６４６號,,,
132,臺中市西屯區臺灣大道三段６４６號,,,
133,臺中市西屯區臺灣大道三段６４６號,,,
134,臺中市西屯區臺灣大道三段６４６號,,,
135,臺中市西屯區臺灣大道三段６４６號,,,
136,臺中市西屯區臺灣大道三段６４６號,,,
137,臺中市梧棲區大仁路二段４６０號,,,
138,臺中市梧棲區臨港路四段５８８號,,,
139,臺中市梧棲區臨港路四段５８８號,,,
140,臺中市梧棲區臨港路四段５９６號,,,
141,臺中市梧棲區臨港路四段５９２號,,,
142,臺中市梧棲區臨港路四段５９０號,,,
143,臺中市梧棲區臨港路四段５９２號,,,
144,臺中市梧棲區臨港路四段５９６號,,,
145,臺中市梧棲區臨港路四段５９０號,,,
146,臺中市西屯區黎明路三段１５１號,,,
147,臺中市西屯區臺灣大道三段６４６號,,,
148,臺中市西屯區臺灣大道三段６４６號,,,
149,臺中市西屯區臺灣大道三段６４６號,,,
150,臺中市西屯區臺灣大道三段６４６號,,,
151,臺中市西屯區臺灣大道三段６４６號,,,
152,臺中市南屯區惠文路５６８號,,,
153,臺中市南屯區惠文路５６８號,,,
154,臺中市南屯區惠文路５６８號,,,
155,臺中市南屯區惠文路５６８號,,,
156,臺中市梧棲區臨港路四段５９０號,,,
157,臺中市梧棲區臨港路四段５９２號,,,
158,臺中市大里區健民路１５號,,,
159,臺中市大里區健民路１７號,,,
160,臺中市大里區健民路１３號,,,
161,臺中市大里區健民路１７號,,,
162,臺中市大里區健民路１７號,,,
163,臺中市大里區健民路１７號,,,
164,臺中市西屯區黎明路三段１５１號,,,
165,臺中市西屯區黎明路三段１５３號,,,
166,臺中市西屯區黎明路三段１５３號,,,
167,臺中市西屯區黎明路三段１５３號,,,
168,臺中市南屯區大墩十一街３５９號,,,
169,臺中市南屯區惠文路５６８號,,,
170,臺中市南屯區惠文路５６８號,,,
171,臺中市南屯區惠文路５６８號,,,
172,臺中市梧棲區中華路二段３９１號,,,
173,臺中市梧棲區中華路二段３９１號,,,
174,臺中市梧棲區中華路二段３９１號,,,
175,臺中市梧棲區中華路二段３９３號,,,
176,臺中市南屯區惠文路５６８號,,,
177,臺中市南屯區惠文路５６８號,,,
178,臺中市南屯區惠文路５６８號,,,
179,臺中市南屯區惠文路５６８號,,,
180,臺中市南屯區惠文路５６８號,,,
181,臺中市梧棲區中華路二段３９５號,,,
182,臺中市梧棲區臨港路四段５９０號,,,
183,臺中市西屯區市政路１９號,,,
184,臺中市西屯區市政路１９號,,,
185,臺中市西屯區市政路１９號,,,
186,臺中市西屯區市政路１９號,,,
187,臺中市西屯區市政路１９號,,,
188,臺中市西屯區市政路１７號,,,
189,臺中市西屯區臺灣大道三段６４６號,,,
190,臺中市西屯區臺灣大道三段６４６號,,,
191,臺中市西屯區臺灣大道三段６４６號,,,
192,臺中市西屯區臺灣大道三段６４６號,,,
193,臺中市西屯區臺灣大道三段６４６號,,,
194,臺中市西屯區臺灣大道三段６４６號,,,
195,臺中市西屯區臺灣大道三段６４６號,,,
196,臺中市西屯區臺灣大道三段６４６號,,,
197,臺中市西屯區臺灣大道三段６４６號,,,
198,臺中市西屯區臺灣大道三段６４６號,,,
199,臺中市西屯區臺灣大道三段６４６號,,,
200,臺中市西屯區臺灣大道三段６４６號,,,
201,臺中市西屯區臺灣大道三段６４６號,,,
202,臺中市西屯區臺灣大道三段６４６號,,,
203,臺中市西屯區臺灣大道三段６４６號,,,
204,臺中市西屯區臺灣大道三段６４６號,,,
205,臺中市西屯區臺灣大道三段６４６號,,,
206,臺中市西屯區臺灣大道三段６４６號,,,
207,臺中市西屯區臺灣大道三段６４６號,,,
208,臺中市西屯區臺灣大道三段６４６號,,,
209,臺中市西屯區臺灣大道三段６４６號,,,
210,臺中市西屯區臺灣大道三段６４６號,,,
211,臺中市西屯區臺灣大道三段６４６號,,,
212,臺中市西屯區黎明路三段１５１號,,,
213,臺中市南屯區惠文路５６８號,,,
214,臺中市西屯區青海路二段２７２號,,,
215,臺中市梧棲區中華路二段３９１號,,,
216,臺中市西屯區黎明路三段１５１號,,,
217,臺中市南屯區惠文路５６８號,,,
218,臺中市南屯區惠文路５６８號,,,
219,臺中市西屯區惠中路１４８巷９８號,,,
220,臺中市梧棲區大仁路二段４６８號,,,
221,臺中市梧棲區臨港路四段５９２號,,,
222,臺中市梧棲區臨港路四段５９２號,,,
223,臺中市梧棲區臨港路四段５９２號,,,
224,臺中市梧棲區臨港路四段５９６號,,,
225,臺中市梧棲區臨港路四段５９２號,,,
226,臺中市梧棲區臨港路四段５９６號,,,
227,臺中市梧棲區臨港路四段５９６號,,,
228,臺中市大里區德芳南路３１８號,,,
229,臺中市大里區德芳南路３１８號,,,
230,臺中市大里區德芳南路３１８號,,,
231,臺中市大里區德芳南路３１８號,,,
232,臺中市大里區德芳南路３１８號,,,
233,臺中市大里區德芳南路３１８號,,,
234,臺中市大里區德芳南路３１８號,,,
235,臺中市大里區德芳南路３１８號,,,
236,臺中市大里區德芳南路３１８號,,,
237,臺中市北區進化路５２７號,,,
238,臺中市大里區德芳南路３１８號,,,
239,臺中市大里區德芳南路３１８號,,,
240,臺中市西屯區市政路１７號,,,
241,臺中市西屯區市政路１７號,,,
242,臺中市西屯區市政路１９號,,,
243,臺中市西屯區市政路１９號,,,
244,臺中市西屯區市政路１９號,,,
245,臺中市南屯區惠文路５６８號,,,
246,臺中市南屯區惠文路５６８號,,,
247,臺中市南屯區惠文路５６８號,,,
248,臺中市南屯區惠文路５６８號,,,
249,臺中市北區進化路５２５號,,,
250,臺中市大里區德芳南路３１８號,,,
251,臺中市梧棲區臨港路四段５９２號,,,
252,臺中市梧棲區臨港路四段５９２號,,,
253,臺中市梧棲區大仁路二段４６６號,,,
254,臺中市梧棲區臨港路四段５９６號,,,
255,臺中市大里區健民路１５號,,,
256,臺中市大里區健民路１７號,,,
257,臺中市大里區健民路１７號,,,
258,臺中市大里區健民路１５號,,,
259,臺中市大里區健民路１５號,,,
260,臺中市大里區健民路１７號,,,
261,臺中市大里區健民路１７號,,,
262,臺中市大里區健民路１５號,,,
263,臺中市大里區健民路１５號,,,
264,臺中市大里區健民路１５號,,,
265,臺中市大里區健民路１５號,,,
266,臺中市大里區健民路１７號,,,
267,臺中市大里區健民路１５號,,,
268,臺中市大里區健民路１５號,,,
269,臺中市大里區健民路１５號,,,
270,臺中市南屯區惠文路５６８號,,,
271,臺中市南屯區惠文路５６８號,,,
272,臺中市西屯區黎明路三段１５１號,,,
273,臺中市西屯區市政路１９號,,,
274,臺中市西屯區市政路１７號,,,
275,臺中市西屯區市政路１９號,,,
276,臺中市西屯區市政路１９號,,,
277,臺中市梧棲區中華路二段３９５號,,,
278,臺中市梧棲區中華路二段３９３號,,,
279,臺中市梧棲區中華路二段３９１號,,,
280,臺中市南屯區惠文路５６８號,,,
281,臺中市西屯區臺灣大道三段６４６號,,,
282,臺中市西屯區臺灣大道三段６４６號,,,
283,臺中市西屯區臺灣大道三段６４６號,,,
284,臺中市西屯區臺灣大道三段６４６號,,,
285,臺中市梧棲區大仁路二段４７０號,,,
286,臺中市梧棲區臨港路四段５９２號,,,
287,臺中市梧棲區臨港路四段５９６號,,,
288,臺中市梧棲區臨港路四段５９６號,,,
289,臺中市梧棲區臨港路四段５９２號,,,
290,臺中市大里區健民路１７號,,,
291,臺中市大里區健民路１７號,,,
292,臺中市西屯區黎明路三段１５１號,,,
293,臺中市南屯區惠文路５６８號,,,
294,臺中市南屯區惠文路５６８號,,,
295,臺中市梧棲區中華路二段３９１號,,,
296,臺中市梧棲區中華路二段３９３號,,,
297,臺中市梧棲區中華路二段３９１號,,,
298,臺中市梧棲區中華路二段３９１號,,,
299,臺中市大里區健民路１５之１號,,,
300,臺中市西屯區市政路１７號,,,
301,臺中市西屯區市政路１７號,,,
302,臺中市西屯區市政路１９號,,,
303,臺中市西屯區市政路１９號,,,
304,臺中市西屯區臺灣大道三段６４６號,,,
305,臺中市梧棲區臨港路四段５９２號,,,
306,臺中市太平區環中東路四段３號,,,
307,臺中市北區進化路５１５號,,,
308,臺中市西屯區市政路１７號,,,
309,臺中市西屯區市政路１７號,,,
310,臺中市西屯區市政路１７號,,,
311,臺中市西屯區市政路１７號,,,
312,臺中市西屯區市政路１７號,,,
313,臺中市西屯區市政路１７號,,,
314,臺中市西屯區市政路１７號,,,
315,臺中市西屯區市政路１７號,,,
316,臺中市西屯區市政路１７號,,,
317,臺中市西屯區市政路１７號,,,
318,臺中市西屯區市政路１７號,,,
319,臺中市西屯區市政路１７號,,,
320,臺中市西屯區市政路１７號,,,
321,臺中市西屯區市政路１７號,,,
322,臺中市西屯區市政路１７號,,,
323,臺中市西屯區市政路１７號,,,
324,臺中市西屯區市政路１７號,,,
325,臺中市西屯區市政路１７號,,,
326,臺中市西屯區市政路１７號,,,
327,臺中市西屯區市政路１７號,,,
328,臺中市西屯區市政路１７號,,,
329,臺中市西屯區市政路１７號,,,
330,臺中市西屯區市政路１７號,,,
331,臺中市西屯區市政路１７號,,,
332,臺中市西屯區市政路１７號,,,
333,臺中市西屯區市政路１７號,,,
334,臺中市西屯區市政路１９號,,,
335,臺中市西屯區市政路１９號,,,
336,臺中市西屯區市政路１９號,,,
337,臺中市西屯區市政路１９號,,,
338,臺中市西屯區市政路１９號,,,
339,臺中市西屯區市政路１９號,,,
340,臺中市西屯區市政路１９號,,,
341,臺中市西屯區市政路１９號,,,
342,臺中市西屯區市政路１９號,,,
343,臺中市西屯區市政路１９號,,,
344,臺中市西屯區市政路１９號,,,
345,臺中市西屯區市政路１９號,,,
346,臺中市西屯區市政路１９號,,,
347,臺中市西屯區市政路１９號,,,
348,臺中市西屯區市政路１９號,,,
349,臺中市西屯區市政路１９號,,,
350,臺中市西屯區市政路１９號,,,
351,臺中市西屯區市政路１９號,,,
352,臺中市西屯區市政路１９號,,,
353,臺中市西屯區市政路１９號,,,
354,臺中市西屯區市政路１９號,,,
355,臺中市西屯區市政路１９號,,,
356,臺中市西屯區市政路１９號,,,
357,臺中市西屯區市政路１９號,,,
358,臺中市西屯區市政路１９號,,,
359,臺中市西屯區市政路１９號,,,
360,臺中市西屯區市政路１９號,,,
361,臺中市西屯區市政路１９號,,,
362,臺中市西屯區市政路１９號,,,
363,臺中市西屯區市政路１９號,,,
364,臺中市西屯區市政路１９號,,,
365,臺中市西屯區市政路１９號,,,
366,臺中市西屯區市政路１９號,,,
367,臺中市西屯區市政路１９號,,,
368,臺中市西屯區市政路１９號,,,
369,臺中市西屯區市政路１７號,,,
370,臺中市西屯區市政路１９號,,,
371,臺中市西屯區市政路１７號,,,
372,臺中市西屯區市政路１７號,,,
373,臺中市西屯區黎明路三段１５３號,,,
374,臺中市西屯區黎明路三段１５１號,,,
375,臺中市北區進化路５１３號,,,
376,臺中市大里區健民路１５之３號,,,
377,臺中市大里區健民路１５號,,,
378,臺中市大里區健民路１７號,,,
379,臺中市大里區健民路１７號,,,
380,臺中市大里區健民路１５號,,,
381,臺中市大里區健民路１５號,,,
382,臺中市大里區健民路１５號,,,
383,臺中市大里區健民路１５號,,,
384,臺中市大里區健民路１７號,,,
385,臺中市大里區健民路１３號,,,
386,臺中市大里區健民路１５號,,,
387,臺中市大里區健民路１５號,,,
388,臺中市大里區健民路１５號,,,
389,臺中市大里區健民路１７號,,,
390,臺中市大里區健民路１３號,,,
391,臺中市大里區健民路１５號,,,
392,臺中市大里區健民路１５號,,,
393,臺中市大里區健民路１５號,,,
394,臺中市大里區健民路１５號,,,
395,臺中市大里區健民路１７號,,,
396,臺中市大里區健民路１７號,,,
397,臺中市大里區健民路１７號,,,
398,臺中市大里區健民路１３號,,,
399,臺中市大里區健民路１５號,,,
400,臺中市大里區健民路１５號,,,
401,臺中市大里區健民路１５號,,,
402,臺中市大里區健民路１７號,,,
403,臺中市大里區健民路１５之５號,,,
404,臺中市大里區健民路１３號,,,
405,臺中市大里區健民路１３號,,,
406,臺中市大里區健民路１５號,,,
407,臺中市大里區健民路１５號,,,
408,臺中市大里區健民路１５之２號,,,
409,臺中市大里區健民路１５號,,,
410,臺中市大里區健民路１７號,,,
411,臺中市大里區健民路１５號,,,
412,臺中市大里區健民路１５號,,,
413,臺中市大里區健民路１５號,,,
414,臺中市大里區健民路１３號,,,
415,臺中市大里區健民路１５號,,,
416,臺中市大里區健民路１３號,,,
417,臺中市大里區健民路１５號,,,
418,臺中市大里區健民路１５號,,,
419,臺中市大里區健民路１５號,,,
420,臺中市大里區健民路１７號,,,
421,臺中市大里區健民路１５號,,,
422,臺中市大里區健民路１３號,,,
423,臺中市大里區健民路１３號,,,
424,臺中市大里區健民路１７號,,,
425,臺中市西屯區市政路１９號,,,
426,臺中市西屯區市政路１７號,,,
427,臺中市西屯區市政路１７號,,,
428,臺中市西屯區市政路１９號,,,
429,臺中市西屯區市政路１９號,,,
430,臺中市西屯區市政路１９號,,,
431,臺中市西屯區市政路１９號,,,
432,臺中市西屯區市政路１９號,,,
433,臺中市西屯區市政路１９號,,,
434,臺中市西屯區市政路１７號,,,
435,臺中市西屯區市政路１７號,,,
436,臺中市西屯區市政路１７號,,,
437,臺中市西屯區市政路１９號,,,
438,臺中市西屯區市政路１７號,,,
439,臺中市西屯區市政路１７號,,,
440,臺中市西屯區市政路１７號,,,
441,臺中市西屯區市政路１７號,,,
442,臺中市西屯區市政路１７號,,,
443,臺中市西屯區市政路１７號,,,
444,臺中市西屯區市政路１７號,,,
445,臺中市西屯區市政路１７號,,,
446,臺中市西屯區市政路１７號,,,
447,臺中市西屯區市政路１７號,,,
448,臺中市西屯區市政路１９號,,,
449,臺中市西屯區市政路１７號,,,
450,臺中市西屯區市政路１９號,,,
451,臺中市西屯區市政路１９號,,,
452,臺中市西屯區市政路１９號,,,
453,臺中市西屯區市政路１９號,,,
454,臺中市西屯區市政路１９號,,,
455,臺中市西屯區市政路１９號,,,
456,臺中市西屯區市政路１９號,,,
457,臺中市西屯區市政路１９號,,,
458,臺中市西屯區市政路１７號,,,
459,臺中市西屯區市政路１７號,,,
460,臺中市西屯區市政路１７號,,,
461,臺中市西屯區市政路１９號,,,
462,臺中市西屯區市政路１７號,,,
463,臺中市西屯區市政路１９號,,,
464,臺中市西屯區市政路１７號,,,
465,臺中市西屯區市政路１９號,,,
466,臺中市梧棲區中華路二段３９３號,,,
467,臺中市梧棲區中華路二段３９５號,,,
468,臺中市梧棲區中華路二段３９３號,,,
469,臺中市梧棲區中華路二段３９５號,,,
470,臺中市梧棲區中華路二段３９５號,,,
471,臺中市梧棲區中華路二段３９５號,,,
472,臺中市梧棲區中華路二段３９５號,,,
473,臺中市梧棲區中華路二段３９３號,,,
474,臺中市西屯區黎明路三段１５１號,,,
475,臺中市西屯區黎明路三段１５１號,,,
476,臺中市大里區健民路１３號,,,
477,臺中市大里區健民路１７號,,,
478,臺中市大里區健民路１７號,,,
479,臺中市大里區健民路１７號,,,
480,臺中市大里區健民路１３號,,,
481,臺中市大里區健民路１３號,,,
482,臺中市大里區健民路１５號,,,
483,臺中市大里區健民路１５號,,,
484,臺中市大里區健民路１５號,,,
485,臺中市大里區健民路１５號,,,
486,臺中市大里區健民路１３號,,,
487,臺中市大里區健民路１３號,,,
488,臺中市大里區健民路１５號,,,
489,臺中市大里區健民路１５號,,,
490,臺中市大里區健民路１５號,,,
491,臺中市大里區健民路１５號,,,
492,臺中市西屯區黎明路三段１５３號,,,
493,臺中市梧棲區中華路二段３９５號,,,
494,臺中市梧棲區中華路二段３９５號,,,
495,臺中市梧棲區中華路二段３９３號,,,
496,臺中市梧棲區中華路二段３９１號,,,
497,臺中市梧棲區中華路二段３９３號,,,
498,臺中市梧棲區中華路二段３９３號,,,
499,臺中市梧棲區中華路二段３９３號,,,
500,臺中市大里區健民路１５號,,,
501,臺中市大里區健民路１５號,,,
502,臺中市西屯區市政路１７號,,,
503,臺中市西屯區市政路１７號,,,
504,臺中市西屯區市政路１７號,,,
505,臺中市西屯區市政路１７號,,,
506,臺中市西屯區市政路１７號,,,
507,臺中市西屯區市政路１７號,,,
508,臺中市西屯區市政路１７號,,,
509,臺中市西屯區市政路１７號,,,
510,臺中市西屯區市政路１７號,,,
511,臺中市西屯區市政路１７號,,,
512,臺中市西屯區市政路１７號,,,
513,臺中市西屯區市政路１７號,,,
514,臺中市西屯區市政路１７號,,,
515,臺中市西屯區市政路１７號,,,
516,臺中市西屯區市政路１７號,,,
517,臺中市西屯區市政路１７號,,,
518,臺中市西屯區市政路１７號,,,
519,臺中市西屯區市政路１９號,,,
520,臺中市西屯區市政路１９號,,,
521,臺中市西屯區市政路１９號,,,
522,臺中市西屯區市政路１９號,,,
523,臺中市西屯區市政路１９號,,,
524,臺中市西屯區市政路１９號,,,
525,臺中市西屯區市政路１９號,,,
526,臺中市西屯區市政路１９號,,,
527,臺中市西屯區市政路１７號,,,
528,臺中市西屯區市政路１７號,,,
529,臺中市西屯區市政路１９號,,,
530,臺中市西屯區市政路１７號,,,
531,臺中市西屯區市政路１７號,,,
532,臺中市西屯區市政路１７號,,,
533,臺中市西屯區市政路１９號,,,
534,臺中市西屯區市政路１９號,,,
535,臺中市西屯區市政路１９號,,,
536,臺中市西屯區市政路１９號,,,
537,臺中市大里區健民路１３號,,,
538,臺中市大里區健民路１５號,,,
539,臺中市西屯區黎明路三段１５１號,,,
540,臺中市西屯區黎明路三段１５３號,,,
541,臺中市西屯區黎明路三段１５１號,,,
542,臺中市西屯區惠中路１４８巷９８號,,,
543,臺中市西屯區惠中路１４８巷９８號,,,
544,臺中市西屯區惠中路１４８巷９８號,,,
545,臺中市西屯區惠中路１４８巷９８號,,,
546,臺中市西屯區惠中路１４８巷９８號,,,
547,臺中市西屯區惠中路１４８巷９８號,,,
548,臺中市西屯區惠中路１４８巷９８號,,,
549,臺中市西屯區惠中路１４８巷９８號,,,
550,臺中市西屯區惠中路１４８巷９８號,,,
551,臺中市西屯區惠中路１４８巷９８號,,,
552,臺中市西屯區惠中路１４８巷９８號,,,
553,臺中市西屯區惠中路１４８巷９８號,,,
554,臺中市西屯區惠中路１４８巷９８號,,,
555,臺中市北區進化路５２３號,,,
556,臺中市西屯區市政路１７號,,,
557,臺中市西屯區黎明路三段１５３號,,,
558,臺中市西屯區黎明路三段１５１號,,,
559,臺中市西屯區黎明路三段１５１號,,,
560,臺中市西屯區黎明路三段１５１號,,,
561,臺中市西屯區黎明路三段１５１號,,,
562,臺中市西屯區黎明路三段１５３號,,,
563,臺中市西屯區黎明路三段１５１號,,,
564,臺中市西屯區黎明路三段１５３號,,,
565,臺中市西屯區黎明路三段１５１號,,,
566,臺中市西屯區黎明路三段１５１號,,,
567,臺中市西屯區黎明路三段１５１號,,,
568,臺中市西屯區黎明路三段１５１號,,,
569,臺中市西屯區惠中路１４８巷９８號,,,
570,臺中市西屯區惠中路１４８巷９８號,,,
571,臺中市北區進化路５１３號,,,
572,臺中市西屯區黎明路三段１５１號,,,
573,臺中市西屯區黎明路三段１５１號,,,
574,臺中市西屯區黎明路三段１５１號,,,
575,臺中市梧棲區中華路二段３９５號,,,
576,臺中市梧棲區中華路二段３９５號,,,
577,臺中市梧棲區中華路二段３９３號,,,
578,臺中市梧棲區中華路二段３９５號,,,
579,臺中市梧棲區中華路二段３９５號,,,
580,臺中市梧棲區中華路二段３９５號,,,
581,臺中市西屯區黎明路三段１５１號,,,
582,臺中市西屯區黎明路三段１５１號,,,
583,臺中市西屯區黎明路三段１５３號,,,
584,臺中市西屯區黎明路三段１５１號,,,
585,臺中市西屯區黎明路三段１５１號,,,
586,臺中市西屯區黎明路三段１５３號,,,
587,臺中市西屯區黎明路三段１５１號,,,
588,臺中市西屯區黎明路三段１５１號,,,
589,臺中市西屯區黎明路三段１５１號,,,
590,臺中市西屯區黎明路三段１５３號,,,
591,臺中市西屯區惠中路１４８巷９８號,,,
592,臺中市西屯區惠中路１４８巷９８號,,,
593,臺中市西屯區惠中路１４８巷９８號,,,
594,臺中市西屯區惠中路１４８巷９８號,,,
595,臺中市西屯區黎明路三段１５３號,,,
596,臺中市西屯區黎明路三段１５１號,,,
597,臺中市西屯區黎明路三段１５１號,,,
598,臺中市西屯區黎明路三段１５１號,,,
599,臺中市西屯區黎明路三段１５３號,,,
600,臺中市西屯區黎明路三段１５１號,,,
601,臺中市西屯區黎明路三段１５１號,,,
602,臺中市梧棲區中華路二段３９３號,,,
603,臺中市梧棲區中華路二段３９５號,,,
604,臺中市梧棲區中華路二段３９５號,,,
605,臺中市梧棲區中華路二段３９１號,,,
606,臺中市梧棲區中華路二段３９１號,,,
607,臺中市梧棲區中華路二段３９１號,,,
608,臺中市西屯區惠中路１４８巷９８號,,,
609,臺中市西屯區惠中路１４８巷９８號,,,
610,臺中市西屯區黎明路三段１５３號,,,
611,臺中市西屯區黎明路三段１５１號,,,
612,臺中市西屯區黎明路三段１５１號,,,
613,臺中市西屯區黎明路三段１５１號,,,
614,臺中市西屯區黎明路三段１５１號,,,
615,臺中市西屯區黎明路三段１５３號,,,
616,臺中市西屯區黎明路三段１５３號,,,
617,臺中市西屯區黎明路三段１５３號,,,
618,臺中市西屯區黎明路三段１５１號,,,
619,臺中市西屯區黎明路三段１５１號,,,
620,臺中市西屯區黎明路三段１５１號,,,
621,臺中市西屯區黎明路三段１５３號,,,
622,臺中市西屯區黎明路三段１５１號,,,
623,臺中市西屯區黎明路三段１５１號,,,
624,臺中市西屯區黎明路三段１５１號,,,
625,臺中市西屯區黎明路三段１５１號,,,
626,臺中市北區進化路５１３號,,,
627,臺中市西屯區黎明路三段１５３號,,,
628,臺中市西屯區黎明路三段１５１號,,,
629,臺中市西屯區黎明路三段１５１號,,,
630,臺中市西屯區黎明路三段１５１號,,,
631,臺中市西屯區黎明路三段１５１號,,,
632,臺中市西屯區黎明路三段１５３號,,,
633,臺中市北區進化路５２７號,,,
634,臺中市北區進化路５２７號,,,
635,臺中市西屯區黎明路三段１５１號,,,
636,臺中市西屯區黎明路三段１５１號,,,
637,臺中市北區進化路５１３號,,,
638,臺中市梧棲區中華路二段３９３號,,,
639,臺中市梧棲區中華路二段３９１號,,,
640,臺中市梧棲區中華路二段３９３號,,,
641,臺中市梧棲區中華路二段３９３號,,,
642,臺中市梧棲區中華路二段３９５號,,,
643,臺中市梧棲區中華路二段３９３號,,,
644,臺中市梧棲區中華路二段３９１號,,,
645,臺中市梧棲區中華路二段３９１號,,,
646,臺中市梧棲區中華路二段３９５號,,,
647,臺中市梧棲區中華路二段３９１號,,,
648,臺中市梧棲區中華路二段３９５號,,,
649,臺中市梧棲區中華路二段３９３號,,,
650,臺中市梧棲區中華路二段３９５號,,,
651,臺中市梧棲區中華路二段３９１號,,,
652,臺中市梧棲區中華路二段３９９號,,,
653,臺中市梧棲區中華路二段３９５號,,,
654,臺中市梧棲區中華路二段３９３號,,,
655,臺中市梧棲區中華路二段３９５號,,,
656,臺中市梧棲區中華路二段３９１號,,,
657,臺中市梧棲區中華路二段３９５號,,,
658,臺中市梧棲區中華路二段３９１號,,,
659,臺中市西屯區黎明路三段１５３號,,,
660,臺中市西屯區黎明路三段１５３號,,,
661,臺中市西屯區黎明路三段１５１號,,,
662,臺中市西屯區黎明路三段１５３號,,,
663,臺中市西屯區黎明路三段１５１號,,,
664,臺中市西屯區黎明路三段１５３號,,,
665,臺中市西屯區黎明路三段１５３號,,,
666,臺中市西屯區黎明路三段１５１號,,,
667,臺中市梧棲區中華路二段３９１號,,,
668,臺中市梧棲區中華路二段３９５號,,,
669,臺中市梧棲區中華路二段３９５號,,,
670,臺中市梧棲區中華路二段３９１號,,,
671,臺中市梧棲區中華路二段３９５號,,,
672,臺中市梧棲區中華路二段３９３號,,,
673,臺中市梧棲區中華路二段３９１號,,,
674,臺中市梧棲區中華路二段３９１號,,,
675,臺中市梧棲區中華路二段３９５號,,,
676,臺中市梧棲區中華路二段３９３號,,,
677,臺中市梧棲區中華路二段３９３號,,,
678,臺中市北區進化路５２５號,,,
679,臺中市西屯區黎明路三段１５３號,,,
680,臺中市西屯區黎明路三段１５１號,,,
681,臺中市西屯區臺灣大道三段６３０之１號,,,
682,臺中市梧棲區中華路二段３９５號,,,
683,臺中市梧棲區中華路二段３９５號,,,
684,臺中市梧棲區中華路二段３９５號,,,
685,臺中市梧棲區中華路二段３９５號,,,
686,臺中市西屯區黎明路三段１５３號,,,
687,臺中市西屯區黎明路三段１５１號,,,
688,臺中市西屯區黎明路三段１５３號,,,
689,臺中市北區進化路５１３號,,,
690,臺中市北區進化路５１３號,,,
691,臺中市東區和平街２１８號,,,
692,臺中市東區和平街２１８號,,,
693,臺中市東區和平街２１８號,,,
694,臺中市北區進化路５１７號,,,
695,臺中市南區興大路３９６巷８８號,,,
696,臺中市東區和平街２１８號,,,
697,臺中市東區和平街２１８號,,,
698,臺中市東區和平街２１８號,,,
699,臺中市東區和平街２１８號,,,
700,臺中市東區和平街２１８號,,,
701,臺中市東區和平街２１８號,,,
702,臺中市東區和平街２１８號,,,
703,臺中市東區和平街２１８號,,,
704,臺中市東區和平街２１８號,,,
705,臺中市東區和平街２１８號,,,
706,臺中市東區和平街２１８號,,,
707,臺中市東區和平街２１８號,,,
708,臺中市東區和平街２１８號,,,
709,臺中市東區和平街２１８號,,,
710,臺中市北區進化路５１５號,,,
711,臺中市北區進化路５１５號,,,
712,臺中市南區興大路３９６巷８８號,,,
713,臺中市北區進化路５２５號,,,
714,臺中市北區進化路５２７號,,,
715,臺中市北區進化路５１３號,,,
716,臺中市北區進化路５１１號,,,
717,臺中市北區進化路５２５號,,,
718,臺中市北區進化路５２５號,,,
719,臺中市北區進化路５１３號,,,
720,臺中市北區進化路５１３號,,,
721,臺中市北區進化路５１５號,,,
722,臺中市北區進化路５１１號,,,
723,臺中市北區進化路５１７號,,,
724,臺中市北區進化路５２５號,,,
725,臺中市北區進化路５２７號,,,
726,臺中市北區進化路５２７號,,,
727,臺中市北區進化路５２７號,,,
728,臺中市北區進化路５２７號,,,
729,臺中市北區進化路５１７號,,,
730,臺中市北區進化路５２３號,,,
731,臺中市北區進化路５１５號,,,
732,臺中市南區興大路３９６巷８８號,,,
733,臺中市北區進化路５１７號,,,
734,臺中市北區進化路５２７號,,,
735,臺中市北區進化路５１１號,,,
736,臺中市北區進化路５２７號,,,
737,臺中市北區進化路５２７號,,,
738,臺中市北區進化路５１５號,,,
739,臺中市北區進化路５２７號,,,
740,臺中市潭子區中山路三段３４８之２號,,,
